DFU,Product.Family
Item 000001,Family A
Item 000002,Family A
Item 000003,Family A
Item 000004,Family A
Item 000005,Family A
Item 000006,Family A
Item 000007,Family A
Item 000008,Family A
Item 000009,Family A
Item 000010,Family A
Item 000011,Family B
Item 000012,Family B
Item 000013,Family B
Item 000014,Family B
Item 000015,Family B
Item 000016,Family B
Item 000017,Family B
Item 000018,Family B
Item 000019,Family B
Item 000020,Family B
Item 000021,Family C
Item 000022,Family C
Item 000023,Family C
Item 000024,Family C
Item 000025,Family C
Item 000026,Family C
Item 000027,Family C
Item 000028,Family C
Item 000029,Family C
Item 000030,Family C
Item 000031,Family C
Item 000032,Family C
Item 000033,Family C
Item 000034,Family C
Item 000035,Family C
Item 000036,Family C
Item 000037,Family C
Item 000038,Family C
Item 000039,Family C
Item 000040,Family C
Item 000041,Family C
Item 000042,Family C
Item 000043,Family C
Item 000044,Family C
Item 000045,Family C
Item 000046,Family C
Item 000047,Family C
Item 000048,Family C
Item 000049,Family C
Item 000050,Family C
